<?xml version="1.0" encoding="UTF-8"?>
<project-private xmlns="http://www.netbeans.org/ns/project-private/1">
    <editor-bookmarks xmlns="http://www.netbeans.org/ns/editor-bookmarks/2" lastBookmarkId="0"/>
    <open-files xmlns="http://www.netbeans.org/ns/projectui-open-files/2">
        <group>
            <file>file:/X:/ITAD_242/Final/QueueDemo/src/queuedemo/QueueDemo.java</file>
            <file>file:/X:/ITAD_242/Final/QueueDemo/src/queuedemo/Queue.java</file>
            <file>file:/X:/ITAD_242/Final/QueueDemo/src/queuedemo/ConsumerThread.java</file>
            <file>file:/X:/ITAD_242/Final/QueueDemo/src/queuedemo/ProducerThread.java</file>
        </group>
    </open-files>
</project-private>
