<?xml version="1.0" encoding="UTF-8"?>
<project-private xmlns="http://www.netbeans.org/ns/project-private/1">
    <editor-bookmarks xmlns="http://www.netbeans.org/ns/editor-bookmarks/2" lastBookmarkId="0"/>
    <open-files xmlns="http://www.netbeans.org/ns/projectui-open-files/2">
        <group>
            <file>file:/X:/ITAD_242/Final/Quiz/src/quiz/Quiz.java</file>
            <file>file:/X:/ITAD_242/Final/Quiz/src/quiz/ChoiceQuestion.java</file>
            <file>file:/X:/ITAD_242/Final/Quiz/src/quiz/FillnQuestion.java</file>
            <file>file:/X:/ITAD_242/Final/Quiz/src/quiz/MultiChoiceQuestion.java</file>
            <file>file:/X:/ITAD_242/Final/Quiz/src/quiz/Question.java</file>
        </group>
    </open-files>
</project-private>
