<?xml version="1.0" encoding="UTF-8"?>
<project-private xmlns="http://www.netbeans.org/ns/project-private/1">
    <editor-bookmarks xmlns="http://www.netbeans.org/ns/editor-bookmarks/2" lastBookmarkId="0"/>
    <open-files xmlns="http://www.netbeans.org/ns/projectui-open-files/2">
        <group>
            <file>file:/F:/ITAD_242/Assignment_07/Assign_07_Ques_02/src/assign_07_ques_02/ComboPanel.java</file>
            <file>file:/F:/ITAD_242/Assignment_07/Assign_07_Ques_02/src/assign_07_ques_02/Assign_07_Ques_02.java</file>
        </group>
    </open-files>
</project-private>
