<?xml version="1.0" encoding="UTF-8"?>
<project-private xmlns="http://www.netbeans.org/ns/project-private/1">
    <editor-bookmarks xmlns="http://www.netbeans.org/ns/editor-bookmarks/2" lastBookmarkId="0"/>
    <open-files xmlns="http://www.netbeans.org/ns/projectui-open-files/2">
        <group>
            <file>file:/F:/ITAD_242/Assignment_08/Assignment_08/src/assignment_08/PrimeCandidate.java</file>
            <file>file:/F:/ITAD_242/Assignment_08/Assignment_08/src/assignment_08/GenerateThread.java</file>
            <file>file:/F:/ITAD_242/Assignment_08/Assignment_08/src/assignment_08/Primes.java</file>
            <file>file:/F:/ITAD_242/Assignment_08/Assignment_08/src/assignment_08/CheckThread.java</file>
            <file>file:/F:/ITAD_242/Assignment_08/Assignment_08/src/assignment_08/Assignment_08.java</file>
        </group>
    </open-files>
</project-private>
